{
    "name": "root",
    "gauges": {
        "MoveToTarget.Policy.Entropy.mean": {
            "value": 1.3490862846374512,
            "min": 1.3490862846374512,
            "max": 1.4197404384613037,
            "count": 10
        },
        "MoveToTarget.Policy.Entropy.sum": {
            "value": 67447.5703125,
            "min": 67447.5703125,
            "max": 71401.5859375,
            "count": 10
        },
        "MoveToTarget.Environment.EpisodeLength.mean": {
            "value": 8.032514450867051,
            "min": 8.032514450867051,
            "max": 257.625,
            "count": 10
        },
        "MoveToTarget.Environment.EpisodeLength.sum": {
            "value": 44468.0,
            "min": 44468.0,
            "max": 49464.0,
            "count": 10
        },
        "MoveToTarget.Step.mean": {
            "value": 499990.0,
            "min": 49976.0,
            "max": 499990.0,
            "count": 10
        },
        "MoveToTarget.Step.sum": {
            "value": 499990.0,
            "min": 49976.0,
            "max": 499990.0,
            "count": 10
        },
        "MoveToTarget.Policy.ExtrinsicValueEstimate.mean": {
            "value": 9.599150657653809,
            "min": 0.6682442426681519,
            "max": 9.599150657653809,
            "count": 10
        },
        "MoveToTarget.Policy.ExtrinsicValueEstimate.sum": {
            "value": 53131.296875,
            "min": 582.708984375,
            "max": 53131.296875,
            "count": 10
        },
        "MoveToTarget.Environment.CumulativeReward.mean": {
            "value": 10.0,
            "min": 4.1875,
            "max": 10.0,
            "count": 10
        },
        "MoveToTarget.Environment.CumulativeReward.sum": {
            "value": 55350.0,
            "min": 804.0,
            "max": 55350.0,
            "count": 10
        },
        "MoveToTarget.Policy.ExtrinsicReward.mean": {
            "value": 10.0,
            "min": 4.1875,
            "max": 10.0,
            "count": 10
        },
        "MoveToTarget.Policy.ExtrinsicReward.sum": {
            "value": 55350.0,
            "min": 804.0,
            "max": 55350.0,
            "count": 10
        },
        "MoveToTarget.Losses.PolicyLoss.mean": {
            "value": 0.022635696887349087,
            "min": 0.020060511884124325,
            "max": 0.02619650389494685,
            "count": 10
        },
        "MoveToTarget.Losses.PolicyLoss.sum": {
            "value": 0.11317848443674544,
            "min": 0.0802420475364973,
            "max": 0.13098251947473424,
            "count": 10
        },
        "MoveToTarget.Losses.ValueLoss.mean": {
            "value": 0.01960709815224012,
            "min": 0.01960709815224012,
            "max": 2.1745132525761925,
            "count": 10
        },
        "MoveToTarget.Losses.ValueLoss.sum": {
            "value": 0.09803549076120059,
            "min": 0.08141425419598818,
            "max": 10.872566262880962,
            "count": 10
        },
        "MoveToTarget.Policy.LearningRate.mean": {
            "value": 1.6970974343039995e-05,
            "min": 1.6970974343039995e-05,
            "max": 0.0002846097051301,
            "count": 10
        },
        "MoveToTarget.Policy.LearningRate.sum": {
            "value": 8.485487171519997e-05,
            "min": 8.485487171519997e-05,
            "max": 0.0012839544720151998,
            "count": 10
        },
        "MoveToTarget.Policy.Epsilon.mean": {
            "value": 0.10565696000000002,
            "min": 0.10565696000000002,
            "max": 0.1948699,
            "count": 10
        },
        "MoveToTarget.Policy.Epsilon.sum": {
            "value": 0.5282848000000001,
            "min": 0.45951200000000003,
            "max": 0.9279847999999999,
            "count": 10
        },
        "MoveToTarget.Policy.Beta.mean": {
            "value": 0.00029228230399999986,
            "min": 0.00029228230399999986,
            "max": 0.004744008009999999,
            "count": 10
        },
        "MoveToTarget.Policy.Beta.sum": {
            "value": 0.0014614115199999994,
            "min": 0.0014614115199999994,
            "max": 0.02140644152,
            "count": 10
        },
        "MoveToTarget.IsTraining.mean": {
            "value": 1.0,
            "min": 1.0,
            "max": 1.0,
            "count": 10
        },
        "MoveToTarget.IsTraining.sum": {
            "value": 1.0,
            "min": 1.0,
            "max": 1.0,
            "count": 10
        }
    },
    "metadata": {
        "timer_format_version": "0.1.0",
        "start_time_seconds": "1714865741",
        "python_version": "3.9.13 (tags/v3.9.13:6de2ca5, May 17 2022, 16:36:42) [MSC v.1929 64 bit (AMD64)]",
        "command_line_arguments": "C:\\Users\\user\\MLAgentsIG\\venv\\Scripts\\mlagents-learn --run-id=Test3",
        "mlagents_version": "0.30.0",
        "mlagents_envs_version": "0.30.0",
        "communication_protocol_version": "1.5.0",
        "pytorch_version": "2.3.0+cpu",
        "numpy_version": "1.21.2",
        "end_time_seconds": "1714866825"
    },
    "total": 1084.8200931,
    "count": 1,
    "self": 0.0735128999999688,
    "children": {
        "run_training.setup": {
            "total": 0.05084559999999971,
            "count": 1,
            "self": 0.05084559999999971
        },
        "TrainerController.start_learning": {
            "total": 1084.6957346,
            "count": 1,
            "self": 3.7677259000072354,
            "children": {
                "TrainerController._reset_env": {
                    "total": 25.1327173,
                    "count": 1,
                    "self": 25.1327173
                },
                "TrainerController.advance": {
                    "total": 1055.6391722999924,
                    "count": 82931,
                    "self": 3.646535300008509,
                    "children": {
                        "env_step": {
                            "total": 731.6782931999915,
                            "count": 82931,
                            "self": 632.3868299000069,
                            "children": {
                                "SubprocessEnvManager._take_step": {
                                    "total": 96.68318389999587,
                                    "count": 82931,
                                    "self": 7.718209500001706,
                                    "children": {
                                        "TorchPolicy.evaluate": {
                                            "total": 88.96497439999416,
                                            "count": 55560,
                                            "self": 88.96497439999416
                                        }
                                    }
                                },
                                "workers": {
                                    "total": 2.6082793999886675,
                                    "count": 82931,
                                    "self": 0.0,
                                    "children": {
                                        "worker_root": {
                                            "total": 1059.1938284999976,
                                            "count": 82931,
                                            "is_parallel": true,
                                            "self": 612.9893471999898,
                                            "children": {
                                                "steps_from_proto": {
                                                    "total": 0.004690700000001158,
                                                    "count": 1,
                                                    "is_parallel": true,
                                                    "self": 0.00040189999999995507,