{
    "name": "root",
    "metadata": {
        "timer_format_version": "0.1.0",
        "start_time_seconds": "1714863396",
        "python_version": "3.9.13 (tags/v3.9.13:6de2ca5, May 17 2022, 16:36:42) [MSC v.1929 64 bit (AMD64)]",
        "command_line_arguments": "C:\\Users\\user\\MLAgentsIG\\venv\\Scripts\\mlagents-learn --run-id=Test1",
        "mlagents_version": "0.30.0",
        "mlagents_envs_version": "0.30.0",
        "communication_protocol_version": "1.5.0",
        "pytorch_version": "2.3.0+cpu",
        "numpy_version": "1.21.2",
        "end_time_seconds": "1714863899"
    },
    "total": 502.7555283,
    "count": 1,
    "self": 0.012159999999937554,
    "children": {
        "run_training.setup": {
            "total": 0.20330910000000024,
            "count": 1,
            "self": 0.20330910000000024
        },
        "TrainerController.start_learning": {
            "total": 502.54005920000003,
            "count": 1,
            "self": 1.764714200004164,
            "children": {
                "TrainerController._reset_env": {
                    "total": 25.289159299999994,
                    "count": 1,
                    "self": 25.289159299999994
                },
                "TrainerController.advance": {
                    "total": 475.47752449999587,
                    "count": 39464,
                    "self": 1.8122115999931339,
                    "children": {
                        "env_step": {
                            "total": 449.75047980000477,
                            "count": 39464,
                            "self": 377.740902300005,
                            "children": {
                                "SubprocessEnvManager._take_step": {
                                    "total": 70.80278710000017,
                                    "count": 39464,
                                    "self": 5.014593400001488,
                                    "children": {
                                        "TorchPolicy.evaluate": {
                                            "total": 65.78819369999869,
                                            "count": 39377,
                                            "self": 65.78819369999869
                                        }
                                    }
                                },
                                "workers": {
                                    "total": 1.2067903999995906,
                                    "count": 39463,
                                    "self": 0.0,
                                    "children": {
                                        "worker_root": {
                                            "total": 458.55310499999615,
                                            "count": 39463,
                                            "is_parallel": true,
                                            "self": 179.51796629999552,
                                            "children": {
                                                "steps_from_proto": {
                                                    "total": 0.004813699999999699,
                                                    "count": 1,
                                                    "is_parallel": true,
                                                    "self": 0.00031200000000097816,
                                                    "children": {
                                                        "_process_rank_one_or_two_observation": {
                                                            "total": 0.004501699999998721,
                                                            "count": 2,
                                                            "is_parallel": true,
                                                            "self": 0.004501699999998721
                                                        }
                                                    }
                                                },
                                                "UnityEnvironment.step": {
                                                    "total": 279.03032500000063,
                                                    "count": 39463,
                                                    "is_parallel": true,
                                                    "self": 6.357139700008133,
                                                    "children": {
                                                        "UnityEnvironment._generate_step_input": {
                                                            "total": 5.37003239999795,
                                                            "count": 39463,
                                                            "is_parallel": true,
                                                            "self": 5.37003239999795
                                                        },
                                                        "communicator.exchange": {
                                                            "total": 250.8256401000047,
                                                            "count": 39463,
                                                            "is_parallel": true,
                                                            "self": 250.8256401000047
                                                        },
                                                        "steps_from_proto": {
                                                            "total": 16.47751279998984,
                                                            "count": 39463,
                                                            "is_parallel": true,
                                                            "self": 8.951073699991902,
                                                            "children": {
                                                                "_process_rank_one_or_two_observation": {
                                                                    "total": 7.526439099997937,
                                                                    "count": 78926,
                                                                    "is_parallel": true,
                                                                    "self": 7.526439099997937
                                                                }
                                                            }
                                                        }
                                                    }
                                                }
                                            }
                                        }
                                    }
                                }
                            }
                        },
                        "trainer_advance": {
                            "total": 23.914833099997992,
                            "count": 39463,
                            "self": 1.96667219999744,
                            "children": {
                                "process_trajectory": {
                                    "total": 7.039382500000478,
                                    "count": 39463,
                                    "self": 7.039382500000478
                                },
                                "_update_policy": {
                                    "total": 14.908778400000074,
                                    "count": 3,
                                    "self": 11.395535600000159,
                                    "children": {
                                        "TorchPPOOptimizer.update": {
                                            "total": 3.513242799999915,
                                            "count": 90,